{
      "com_ports": {
            "mfc1": "COM6",
            "mfc2": "COM5",
            "mfc3": "COM3",
            "valve1": "COM4",
            "valve2": "COM5"
      },
      "profiles_path": "profiles_TWOvalves",
      "voc_data": {
            "2-Nonanol": [
                  7.87942,
                  1966.54,
                  194.918,
                  -35,
                  349.85
            ],
            "Nonanal": [
                  7.42543,
                  1825.65,
                  206.718,
                  -18,
                  366.85
            ],
            "Tetradecane": [
                  7.2715,
                  1926.44,
                  187.657,
                  -12.85,
                  418.85
            ],
            "1-dodecanethiol": [
                  7.62037,
                  2309.1,
                  212.597,
                  -8,
                  450.85
            ],
            "Ethanol": [
                  8.13484,
                  1662.48,
                  238.131,
                  -114.1,
                  243.1
            ],
            "1 propanol": [
                  8.37895,
                  1788.02,
                  227.438,
                  -26,
                  83
            ],
            "2 propanol": [
                  8.87829,
                  2010.33,
                  252.636,
                  -15,
                  98
            ],
            "methanol": [
                  8.09126,
                  1582.91,
                  239.096,
                  -97.68,
                  239.43
            ],
            "Acetone": [
                  7.31414,
                  1315.67,
                  240.479,
                  -94.7,
                  235.05
            ],
            "acetic acid": [
                  7.8152,
                  1800.03,
                  246.894,
                  16.66,
                  319.56
            ],
            "\u03b1-Pinene": [
                  7.06153,
                  1621.22,
                  231.645,
                  -64,
                  358.85
            ],
            "water": [
                  8.07131,
                  1730.63,
                  233.426,
                  1,
                  100
            ],
            "\u03b1-Terpinene": [
                  7.13456,
                  1673.54,
                  216.227,
                  -53.15,
                  378.85
            ],
            "1-Butanol": [
                  7.62121,
                  1543.89,
                  208.029,
                  -89.3,
                  289.78
            ],
            "Toluene": [
                  7.1362,
                  1457.29,
                  231.827,
                  -94.97,
                  318.64
            ],
            "2-Butanone (MEK]": [
                  7.29427,
                  1400.37,
                  237.655,
                  -86.67,
                  262.35
            ],
            "DMSO": [
                  7.25197,
                  1733.52,
                  207.58,
                  18.52,
                  452.85
            ]
      }
}